Time (s),Volume (m^3),N2,Ar,He,Ne,X(1),HCO_ads(2),CH4(3),O2(4),CHOX2(20)
0.0,0.074830248,0.7505,0.0,0.0,0.0,0.010176913728000002,0.010176913728000002,0.05,0.1995,0.0
