Time (s),Volume (m^3),N2,Ar,He,Ne,X(1),CH4(2),O2(3),OX(6)
0.0,0.12471708000000001,0.7505,0.0,0.0,0.0,0.033923045760000006,0.05,0.1995,0.0
