Time (s),Volume (m^3),N2,Ar,He,Ne,X(1),CH4(2),O2(3)
0.0,0.066515776,0.7505,0.0,0.0,0.0,0.018092291072,0.05,0.1995
